[
  {
    "id" : "ingvarso.github.io.hackathon-2025-11-10",
    "type" : "ImplementationGuide",
    "url" : "http://ingvarso.github.io/fhir/ig/mal/ImplementationGuide/ingvarso.github.io.hackathon-2025-11-10",
    "version" : "0.1.0",
    "name" : "IGTest"
  },
  {
    "id" : "mal-observation-blodprove",
    "type" : "StructureDefinition",
    "url" : "http://ingvarso.github.io/fhir/ig/mal/StructureDefinition/mal-observation-blodprove",
    "version" : "0.1.0",
    "name" : "MalObservationBlood"
  },
  {
    "id" : "mal-patient",
    "type" : "StructureDefinition",
    "url" : "http://ingvarso.github.io/fhir/ig/mal/StructureDefinition/mal-patient",
    "version" : "0.1.0",
    "name" : "MalPatient"
  }
]
